name,href,id,area,city_olymp,ege,oge,folk_rating,specialisation,url_id,phones,url
"Дипломат, частная школа",../../sredneobrazovatelnaya-shkola/diplomat-chastnaya-shkola/index.html,a33,admiraltejskij,"",59.2,4.0,6.4,Частная школа,../data/shkola-spb.ru/cache/sredneobrazovatelnayashkoladiplomatchastnayashkolaindexhtml.htm,8127140424|8124952978,diplomatschool.ru
Школа народного искусства Императрицы Александры Федоровны (ШНИ),../../hudozhestvenno-esteticheskoe-obrazovanie/shkola-narodnogo-iskusstva-imperatritsyi-aleksandryi-fedorovnyi/index.html,a37,admiraltejskij,1,56.7,"",0,Художественно-эстетическое образование|Частная школа,../data/shkola-spb.ru/cache/hudozhestvennoesteticheskoeobrazovanieshkolanarodnogoiskusstvaimperatritsyialeksandryifedorovnyiindexhtml.htm,8127140938|8127143040,empresschool.ru
Средняя специальная музыкальная школа имени Н. А. Римского-Корсакова (ССМШ),../../hudozhestvenno-esteticheskoe-obrazovanie/srednyaya-spetsialnaya-muzyikalnaya-shkola-spb-gosudarstvennoj-konservatorii-im-n-a-rimskogo-korsakova-kolledzh/index.html,a1,admiraltejskij,"",56.6,"",0,Художественно-эстетическое образование,../data/shkola-spb.ru/cache/hudozhestvennoesteticheskoeobrazovaniesrednyayaspetsialnayamuzyikalnayashkolaspbgosudarstvennojkonservatoriiimnarimskogokorsakovakolledzhindexhtml.htm,8127141161,x-letka.conservatory.ru
Суворовское военное училище МО РФ (СВУ),../../voennoe-uchilische/suvorovskoe-voennoe-uchilische/index.html,a739,admiraltejskij,"",55.7,4.0,5.0,Кадетские классы,../data/shkola-spb.ru/cache/voennoeuchilischesuvorovskoevoennoeuchilischeindexhtml.htm,8123102406,spbsvu.ru
"№ 286, школа (классы ЛНМО)",../../sredneobrazovatelnaya-shkola/286-shkola/index.html,a24,admiraltejskij,6,54.4,3.8,9.1,"",../data/shkola-spb.ru/cache/sredneobrazovatelnayashkola286shkolaindexhtml.htm,8122511440,school286.ru
"Экспресс, школа экстернат",../../sredneobrazovatelnaya-shkola/ekspress-srednyaya-obscheobrazovatelnaya-shkola/index.html,a703,tsentralnyij,"",52.8,"",7.0,Частная школа,../data/shkola-spb.ru/cache/sredneobrazovatelnayashkolaekspresssrednyayaobscheobrazovatelnayashkolaindexhtml.htm,9218560043|9218560083,express-externat.spb.ru
"№ 267, школа",../../sredneobrazovatelnaya-shkola/267-shkola/index.html,a19,admiraltejskij,"",52.5,"",3.8,"",../data/shkola-spb.ru/cache/sredneobrazovatelnayashkola267shkolaindexhtml.htm,8123161622|8123167910,267spb.ru
"ШКОЛА ТЕАТРА, ТЕЛЕВИДЕНИЯ И ШОУ-БИЗНЕСА (ШТТиШБ)",../../drugoe/shkola-teatra-televideniya-i-shou-biznesa/index.html,a39,admiraltejskij,"",52.2,"",8.3,Другое|Частная школа,../data/shkola-spb.ru/cache/drugoeshkolateatratelevideniyaishoubiznesaindexhtml.htm,8123149706|8123257193,www.ttishb.ru
"УСПЕХ, общеобразовательный центр",../../sredneobrazovatelnaya-shkola/uspeh-obscheobrazovatelnyij-tsentr/index.html,a35,admiraltejskij,"",47.1,"",0,Частная школа,../data/shkola-spb.ru/cache/sredneobrazovatelnayashkolauspehobscheobrazovatelnyijtsentrindexhtml.htm,8129109051|8124953638,uspex.spb.ru
"ЛОГОС, средняя школа",../../sredneobrazovatelnaya-shkola/logos-srednyaya-shkola/index.html,a40,admiraltejskij,"",47.1,"",9.0,Частная школа,../data/shkola-spb.ru/cache/sredneobrazovatelnayashkolalogossrednyayashkolaindexhtml.htm,8125718176|8123102528,school-logos.narod.ru
Колледж при Санкт-Петербургском Университете Управления и Экономики (СПБУУиЭ),../../sredneobrazovatelnaya-shkola/gimnaziya-pri-sankt-peterburgskom-universitete-upravleniya-i-ekonomiki/index.html,a799,admiraltejskij,"",41.8,"",0,"",../data/shkola-spb.ru/cache/sredneobrazovatelnayashkolagimnaziyaprisanktpeterburgskomuniversiteteupravleniyaiekonomikiindexhtml.htm,81231339478123134948|8123133346,www.spbame.ru
Бизнес-школа «ДЕЛОВАЯ ВОЛНА»,../../sredneobrazovatelnaya-shkola/biznes-shkola-delovaya-volna/index.html,a34,primorskij,"","","",5.3,Частная школа,../data/shkola-spb.ru/cache/sredneobrazovatelnayashkolabiznesshkoladelovayavolnaindexhtml.htm,8123161283|8123166071|8123402610|8129827602,www.bwschool.ru
ШКОЛА-ПЛЮС,../../sredneobrazovatelnaya-shkola/shkola-plyus/index.html,a38,admiraltejskij,6,"","",0,Частная школа,../data/shkola-spb.ru/cache/sredneobrazovatelnayashkolashkolaplyusindexhtml.htm,8127107045,""
Классическая еврейская гимназия-пансион,../../sredneobrazovatelnaya-shkola/klassicheskaya-evrejskaya-gimnaziya-pansion/index.html,a42,admiraltejskij,"","","",0,Частная школа,../data/shkola-spb.ru/cache/sredneobrazovatelnayashkolaklassicheskayaevrejskayagimnaziyapansionindexhtml.htm,8127163815|8127108481|8127140743,""
ФРАНЦУЗСКАЯ ШКОЛА АНДРЭ МАЛЬРО в СПб,../../frantsuzskij-yazyik/frantsuzskaya-shkola-andre-malro-v-spb/index.html,a501,admiraltejskij,"","","",4.1,Другое|Французский язык|Частная школа,../data/shkola-spb.ru/cache/frantsuzskijyazyikfrantsuzskayashkolaandremalrovspbindexhtml.htm,8124980502,efsp.org
"№ 231, специальная (коррекционная) школа (VIII вида)",../../deti-s-osobennostyami-razvitiya/-231-spetsialnaya-korrektsionnaya-shkola-viii-vida/index.html,a1097,admiraltejskij,"","","",7.8,Дети с особенностями развития,../data/shkola-spb.ru/cache/detisosobennostyamirazvitiya231spetsialnayakorrektsionnayashkolaviiividaindexhtml.htm,8124172328,spb231.reg-school.ru
Академическая гимназия СПбГУ,../../biologiya/akademicheskaya-gimnaziya-sankt-peterburgskogo-gosudarstvennogo-universiteta-43/index.html,a43,petrodvortsovyij,70,68.4,"",8.9,Биология|Математика|Физика|Химия,../data/shkola-spb.ru/cache/biologiyaakademicheskayagimnaziyasanktpeterburgskogogosudarstvennogouniversiteta43indexhtml.htm,8123225312|8123225311|8124506990|8124506500,www.agym.spbu.ru
"№ 700, школа с углубленным изучением иностранных языков",../../inostrannyie-yazyiki/700-shkola-s-uglublennyim-izucheniem-inostrannyih-yazyikov/index.html,a72,vasileostrovskij,1,58.8,"",7.4,Иностранные языки,../data/shkola-spb.ru/cache/inostrannyieyazyiki700shkolasuglublennyimizuchenieminostrannyihyazyikovindexhtml.htm,8123284381|8123284343,school700.edu.ru
Санкт-Петербургский государственный академический художественный лицей им. Б.В.Иогансона,../../hudozhestvenno-esteticheskoe-obrazovanie/sankt-peterburgskij-gosudarstvennyij-akademicheskij-hudozhestvennyij-litsej-im-b-v-iogansona-rossijskoj-akademii-hudozhestv/index.html,a44,vasileostrovskij,3,58.5,"",5.4,Художественно-эстетическое образование,../data/shkola-spb.ru/cache/hudozhestvennoesteticheskoeobrazovaniesanktpeterburgskijgosudarstvennyijakademicheskijhudozhestvennyijlitsejimbviogansonarossijskojakademiihudozhestvindexhtml.htm,8123224039|8123220381,www.artlicei.ru
"Центр Искусства Воспитания, вальдорфская школа",../../sredneobrazovatelnaya-shkola/tsentr-iskusstva-vospitaniya-valdorfskaya-shkola/index.html,a78,vasileostrovskij,1,54.2,"",6.7,Частная школа,../data/shkola-spb.ru/cache/sredneobrazovatelnayashkolatsentriskusstvavospitaniyavaldorfskayashkolaindexhtml.htm,8123509186|8123509086,www.ziwspb.ru
"Ювента, частная школа",../../sredneobrazovatelnaya-shkola/yuventa-shkola/index.html,a73,vasileostrovskij,"",53.5,"",5.2,Частная школа,../data/shkola-spb.ru/cache/sredneobrazovatelnayashkolayuventashkolaindexhtml.htm,8123232849,www.nwedu.ru
"№ 575, центр образования",../../sredneobrazovatelnaya-shkola/575-shkola/index.html,a735,vasileostrovskij,"",41.9,"",8.1,"",../data/shkola-spb.ru/cache/sredneobrazovatelnayashkola575shkolaindexhtml.htm,8123217541|8123217575,school-575.ru
Радиотехнический профессиональный лицей,../../drugoe/radiotehnicheskij-professionalnyij-litsej/index.html,a736,vasileostrovskij,"",39.9,"",0,Другое,../data/shkola-spb.ru/cache/drugoeradiotehnicheskijprofessionalnyijlitsejindexhtml.htm,8123502763|8124058559,www.rtplspb.ru
"Человечек, школа - детский сад",../../nachalnaya-shkola/chelovechek-shkola-detskij-sad/index.html,a74,vasileostrovskij,"","","",8.6,Начальная школа|Частная школа,../data/shkola-spb.ru/cache/nachalnayashkolachelovechekshkoladetskijsadindexhtml.htm,8123219567|8123293186,chelovechek.info
"АСПЕКТ, частная британская школа",../../nachalnaya-shkola/aspekt/index.html,a75,vasileostrovskij,"","","",6.3,Начальная школа|Частная школа,../data/shkola-spb.ru/cache/nachalnayashkolaaspektindexhtml.htm,8123233497|9217456761|9214493000,ilaaspect.com/britanskaya-shkola-os
ИЗЮМИНКА,../../nachalnaya-shkola/izyuminka/index.html,a76,vasileostrovskij,"","","",6.8,Начальная школа|Частная школа,../data/shkola-spb.ru/cache/nachalnayashkolaizyuminkaindexhtml.htm,8129718554,www.izuminkaspb.ru
Православная школа семьи Шостаковичей,../../drugoe/pravoslavnaya-shkola-semi-shostakovichej/index.html,a765,vasileostrovskij,"","","",7.1,Другое|Частная школа,../data/shkola-spb.ru/cache/drugoepravoslavnayashkolasemishostakovichejindexhtml.htm,8122441103,www.pravoslav.com
Школа им. С. Т. Шацкого,../../chastnaya-shkola/shkola-im-stshatskogo/index.html,a1096,vasileostrovskij,"","","",9.6,Частная школа,../data/shkola-spb.ru/cache/chastnayashkolashkolaimstshatskogoindexhtml.htm,8123293186|8123219567,www.shatsky-school.ru
Немецкая школа при Генеральном консульстве Германии,../../nemetskij-yazyik/nemetskaya-shkola-pri-generalnom-konsulstve-germanii/index.html,a1118,vasileostrovskij,"","","",0,Немецкий язык,../data/shkola-spb.ru/cache/nemetskijyazyiknemetskayashkolaprigeneralnomkonsulstvegermaniiindexhtml.htm,8124412159,www.deutscheschule.ru
Медицинская Гимназия с православным воспитанием детей,../../biologiya/meditsinskaya-gimnaziya-s-pravoslavnyim-vospitaniem-detej/index.html,a136,vyiborgskij,3,65.9,"",6.9,Биология|Другое|Медицина|Химия|Частная школа,../data/shkola-spb.ru/cache/biologiyameditsinskayagimnaziyaspravoslavnyimvospitaniemdetejindexhtml.htm,8122915334,www.med-gimnazia.ru
"Паскаль Лицей, частная школа",../../sredneobrazovatelnaya-shkola/paskal-litsej/index.html,a137,vyiborgskij,4,61.0,4.5,4.9,Частная школа,../data/shkola-spb.ru/cache/sredneobrazovatelnayashkolapaskallitsejindexhtml.htm,8125529475,www.pascallyceum.ru
"Менахем, школа-сад, частное общеобразовательное учреждение",../../nachalnaya-shkola/menahem-shkola-sad-chastnoe-obscheobrazovatelnoe-uchrezhdenie/index.html,a140,vyiborgskij,"",59.2,"",5.0,Частная школа,../data/shkola-spb.ru/cache/nachalnayashkolamenahemshkolasadchastnoeobscheobrazovatelnoeuchrezhdenieindexhtml.htm,8123187356|8122913757,menahemschool.ru
Санкт-Петербургский технический колледж управления и коммерции (ТКУиК),../../drugoe/sankt-peterburgskij-tehnicheskij-kolledzh-upravleniya-i-kommertsii-tkuik/index.html,a743,tsentralnyij,"",48.2,"",5.0,Другое,../data/shkola-spb.ru/cache/drugoesanktpeterburgskijtehnicheskijkolledzhupravleniyaikommertsiitkuikindexhtml.htm,8125422405|8125422806,www.tcmc.spb.ru
"РОСТ, частная школа",../../nachalnaya-shkola/rost-chastnyij-detskij-sad-shkola/index.html,a139,vyiborgskij,"","","",5.7,Начальная школа|Частная школа,../data/shkola-spb.ru/cache/nachalnayashkolarostchastnyijdetskijsadshkolaindexhtml.htm,8122944514|9216312550,rostschool.ru
"МАСТЕР-КЛАСС, школа вариативного обучения",../../sredneobrazovatelnaya-shkola/master-klass-shkola-variativnogo-obucheniya/index.html,a141,vyiborgskij,"","","",0,Частная школа,../data/shkola-spb.ru/cache/sredneobrazovatelnayashkolamasterklassshkolavariativnogoobucheniyaindexhtml.htm,8129767869,www.master-klass.spb.ru
"№ 108, школа [ЗАКРЫТА]",../../sredneobrazovatelnaya-shkola/108-shkola/index.html,a98,vyiborgskij,"",48.7,"",0,"",../data/shkola-spb.ru/cache/sredneobrazovatelnayashkola108shkolaindexhtml.htm,8125424360|8125429265,108.shko.la
"№ 563, школа «Пушкинский лицей» [ЗАКРЫТА]",../../sredneobrazovatelnaya-shkola/563-shkola-pushkinskij-litsej/index.html,a129,vyiborgskij,"","","",0,"",../data/shkola-spb.ru/cache/sredneobrazovatelnayashkola563shkolapushkinskijlitsejindexhtml.htm,8125996423|8125575388,school563.ru
"№ 701, начальная школа - детский сад «ИЗУМРУДНЫЙ ГОРОД»",../../nachalnaya-shkola/701-nachalnaya-shkola-detskij-sad-izumrudnyij-gorod/index.html,a192,kalininskij,"","","",5.1,Начальная школа,../data/shkola-spb.ru/cache/nachalnayashkola701nachalnayashkoladetskijsadizumrudnyijgorodindexhtml.htm,8125336431,new.school701.ru
Монтессори-школа Михайловой (МШМ),../../nachalnaya-shkola/montessori-shkola-mihajlovoj-mshm/index.html,a825,kalininskij,"","","",8.8,Начальная школа|Частная школа,../data/shkola-spb.ru/cache/nachalnayashkolamontessorishkolamihajlovojmshmindexhtml.htm,8126424475,montessori-school.ru
"Взмах, частная школа",../../sredneobrazovatelnaya-shkola/vzmah/index.html,a240,kirovskij,1,65.8,"",7.7,Английский язык|Частная школа,../data/shkola-spb.ru/cache/sredneobrazovatelnayashkolavzmahindexhtml.htm,8127034190|8123761025,www.vzmakh.ru
ШКОЛА РАЗГОВОРНЫХ ЯЗЫКОВ ЧОУ,../../inostrannyie-yazyiki/shkola-razgovornyih-yazyikov-chou/index.html,a244,kirovskij,"",53.0,"",6.7,Английский язык|Другие языки|Частная школа,../data/shkola-spb.ru/cache/inostrannyieyazyikishkolarazgovornyihyazyikovchouindexhtml.htm,8123080109|8127523470,clschool.ru
Санкт-Петербургское Суворовское военное училище МВД России,../../voennoe-uchilische/sankt-peterburgskoe-suvorovskoe-voennoe-uchilische-mvd-rossii/index.html,a814,kirovskij,"",49.7,"",5.3,Кадетские классы,../data/shkola-spb.ru/cache/voennoeuchilischesanktpeterburgskoesuvorovskoevoennoeuchilischemvdrossiiindexhtml.htm,8127849634|8124944886,svu-mvd.spb.ru
"№ 479, школа славянских культур",../../drugoe/479-shkola-slavyanskih-kultur/index.html,a225,kirovskij,"",48.6,"",5.4,"",../data/shkola-spb.ru/cache/drugoe479shkolaslavyanskihkulturindexhtml.htm,8127842066|8127840430,www.kirov.spb.ru/sc/479
"ДЕЛЬТА, частная школа-детский сад",../../sredneobrazovatelnaya-shkola/delta-chastnaya-shkola/index.html,a241,kirovskij,"","","",9.0,Частная школа,../data/shkola-spb.ru/cache/sredneobrazovatelnayashkoladeltachastnayashkolaindexhtml.htm,8127846981,www.shkoladelta.ru
"№ 279, школа индивидуального развития и обучения [ЗАКРЫТА]",../../deti-s-osobennostyami-razvitiya/279-shkola-individualnogo-razvitiya-i-obucheniya/index.html,a209,kirovskij,1,50.6,"",8.5,Дети с особенностями развития,../data/shkola-spb.ru/cache/detisosobennostyamirazvitiya279shkolaindividualnogorazvitiyaiobucheniyaindexhtml.htm,8127521919|8127520725,school279.spb.ru
Центр информационной культуры (ЦИК) [ЗАКРЫТА],../../sredneobrazovatelnaya-shkola/tsentr-informatsionnoj-kulturyi-tsik/index.html,a811,kirovskij,"",28.6,"",0,"",../data/shkola-spb.ru/cache/sredneobrazovatelnayashkolatsentrinformatsionnojkulturyitsikindexhtml.htm,8127861924,""
"№ 648, школа [ЗАКРЫТА]",../../sredneobrazovatelnaya-shkola/648-shkola/index.html,a755,kolpinskij,"",53.3,"",8.5,"",../data/shkola-spb.ru/cache/sredneobrazovatelnayashkola648shkolaindexhtml.htm,8124172850,gousochn648.narod.ru
"№ 478, школа [ЗАКРЫТА]",../../sredneobrazovatelnaya-shkola/478-shkola/index.html,a263,kolpinskij,"","","",0,"",../data/shkola-spb.ru/cache/sredneobrazovatelnayashkola478shkolaindexhtml.htm,8124616216|8124616218,kolpino.edu.ru/school478
"УЧАСТИЕ, образовательный центр",../../drugoe/uchastie-obrazovatelnyij-tsentr/index.html,a310,krasnogvardejskij,"","","",0,Другое|Частная школа,../data/shkola-spb.ru/cache/drugoeuchastieobrazovatelnyijtsentrindexhtml.htm,8124443473|8124443862,fondedu.ru
Эпишкола,../../sredneobrazovatelnaya-shkola/epishkola/index.html,a738,krasnogvardejskij,3,"","",9.4,Частная школа,../data/shkola-spb.ru/cache/sredneobrazovatelnayashkolaepishkolaindexhtml.htm,8124443862|8124443473,epischool.edu.ru
"№ 198, школа [ЗАКРЫТА]",../../sredneobrazovatelnaya-shkola/198-shkola/index.html,a292,krasnogvardejskij,"",47.4,"",2.3,"",../data/shkola-spb.ru/cache/sredneobrazovatelnayashkola198shkolaindexhtml.htm,"",""
"№ 170, школа [ЗАКРЫТА]",../../deti-s-osobennostyami-razvitiya/170-shkola-klassyi-dlya-detej-s-oslablennyim-zdorovem/index.html,a283,krasnogvardejskij,"",43.8,"",0,Дети с особенностями развития,../data/shkola-spb.ru/cache/detisosobennostyamirazvitiya170shkolaklassyidlyadetejsoslablennyimzdorovemindexhtml.htm,8122256264|8122253045,170piter.ucoz.ru
Кронштадтский морской кадетский корпус (КМКК),../../voennoe-uchilische/kronshtadtskij-morskoj-kadetskij-korpus/index.html,a767,kronshtadtskij,1,50.2,4.2,5.0,Кадетские классы,../data/shkola-spb.ru/cache/voennoeuchilischekronshtadtskijmorskojkadetskijkorpusindexhtml.htm,8183111464,kmkk.edumil.ru
"№ 424, школа",../../deti-s-osobennostyami-razvitiya/424-sanatornaya-shkola-internat/index.html,a359,kronshtadtskij,"",44.0,"",9.0,Дети с особенностями развития,../data/shkola-spb.ru/cache/detisosobennostyamirazvitiya424sanatornayashkolainternatindexhtml.htm,8123115257|8123115654,www.libraveka.narod.ru
"Школа ""Аксон""",../../sredneobrazovatelnaya-shkola/shkola-akson/index.html,a764,kronshtadtskij,"","","",7.0,Частная школа,../data/shkola-spb.ru/cache/sredneobrazovatelnayashkolashkolaaksonindexhtml.htm,9219424550,www.axonschool.ru
"№ 669, центр образования",../../sredneobrazovatelnaya-shkola/669-shkola/index.html,a742,kurortnyij,"",38.6,3.0,9.0,"",../data/shkola-spb.ru/cache/sredneobrazovatelnayashkola669shkolaindexhtml.htm,8124371516,www.c669.ru
Академия,../../chastnaya-shkola/akademiya/index.html,a1119,kurortnyij,"","","",0,Частная школа,../data/shkola-spb.ru/cache/chastnayashkolaakademiyaindexhtml.htm,8124320574,www.repino-kids.ru
"РИД, частная школа",../../sredneobrazovatelnaya-shkola/rid/index.html,a417,petrogradskij,"",57.2,"",5.0,Частная школа,../data/shkola-spb.ru/cache/sredneobrazovatelnayashkolaridindexhtml.htm,8123690212|8122344860,www.reed.ru
"""Северная Венеция"", гимназия",../../inostrannyie-yazyiki/gimnaziya-severnaya-venetsiya/index.html,a733,moskovskij,"",52.4,"",7.1,Иностранные языки|Частная школа,../data/shkola-spb.ru/cache/inostrannyieyazyikigimnaziyasevernayavenetsiyaindexhtml.htm,8124587081|8124587080|8124587079,www.schoolsv.ru
"СТУДИУМ, частная общеобразовательная школа с углубленным изучением иностранного языка",../../inostrannyie-yazyiki/studium-chastnaya-obscheobrazovatelnaya-shkola-s-uglublennyim-izucheniem-inostrannogo-yazyika/index.html,a420,moskovskij,"",51.6,"",7.2,Иностранные языки|Частная школа,../data/shkola-spb.ru/cache/inostrannyieyazyikistudiumchastnayaobscheobrazovatelnayashkolasuglublennyimizuchenieminostrannogoyazyikaindexhtml.htm,8123689474,www.studium-school.ru
"№ 374, школа (кадетский класс)",../../voennoe-uchilische/374-shkola-kadetskij-klass/index.html,a388,moskovskij,"",39.6,2.9,6.7,Кадетские классы,../data/shkola-spb.ru/cache/voennoeuchilische374shkolakadetskijklassindexhtml.htm,8123884394|8123691716,www.sites.google.com/site/kadets374 
"САША, сад-лицей",../../nachalnaya-shkola/sasha-sad-litsej/index.html,a416,moskovskij,"","","",6.9,Начальная школа|Частная школа,../data/shkola-spb.ru/cache/nachalnayashkolasashasadlitsejindexhtml.htm,8123885184|8123880793,www.ls.spb.ru
"ТЕТ-А-ТЕТ, частная школа",../../sredneobrazovatelnaya-shkola/tet-a-tet-shkola/index.html,a419,moskovskij,"","","",6.8,Частная школа,../data/shkola-spb.ru/cache/sredneobrazovatelnayashkolatetatetshkolaindexhtml.htm,9119539165|9112416829,www.tet-a-tet-school.spb.ru
УЧИМСЯ ВМЕСТЕ,../../sredneobrazovatelnaya-shkola/uchimsya-vmeste/index.html,a421,moskovskij,"","","",6.7,Частная школа,../data/shkola-spb.ru/cache/sredneobrazovatelnayashkolauchimsyavmesteindexhtml.htm,8123730050|9112373453,uchimsia-vmeste.com
Кадетский ракетно-артиллерийский корпус (КРАК) [ЗАКРЫТА],../../voennoe-uchilische/kadetskij-raketno-artillerijskij-korpus/index.html,a766,moskovskij,"",51.8,"",9.0,Кадетские классы,../data/shkola-spb.ru/cache/voennoeuchilischekadetskijraketnoartillerijskijkorpusindexhtml.htm,8124508002|8123160531|8123164572,spbkk.edumil.ru
"№ 627, школа [ЗАКРЫТА]",../../deti-s-osobennostyami-razvitiya/627-shkola/index.html,a741,moskovskij,"",50.5,"",9.0,Дети с особенностями развития,../data/shkola-spb.ru/cache/detisosobennostyamirazvitiya627shkolaindexhtml.htm,8123713616|8123736100,school627.do.am
"№ 637, школа [ЗАКРЫТА]",../../sredneobrazovatelnaya-shkola/637-shkola/index.html,a411,moskovskij,"",46.1,"",0,"",../data/shkola-spb.ru/cache/sredneobrazovatelnayashkola637shkolaindexhtml.htm,8127083096|8127083086,school637.ucoz.ru
"№ 670, школа [ЗАКРЫТА]",../../sredneobrazovatelnaya-shkola/670-shkola/index.html,a413,moskovskij,"",36.7,"",0,"",../data/shkola-spb.ru/cache/sredneobrazovatelnayashkola670shkolaindexhtml.htm,8123732561|8123730031,www.sch670spb.narod.ru
"ПРАЗДНИК+, культурологическая школа индивидуального развития полного среднего образования",../../sredneobrazovatelnaya-shkola/prazdnik-kulturologicheskaya-shkola-individualnogo-razvitiya-polnogo-srednego-obrazovaniya/index.html,a476,nevskij,"",55.5,4.0,6.7,Частная школа,../data/shkola-spb.ru/cache/sredneobrazovatelnayashkolaprazdnikkulturologicheskayashkolaindividualnogorazvitiyapolnogosrednegoobrazovaniyaindexhtml.htm,8124467272|8124472534,prazdnik.spb.ru
Лицей при СПбГУТ,../../drugoe/litsej-pri-spbgut/index.html,a786,nevskij,1,54.5,"",5.8,Другое,../data/shkola-spb.ru/cache/drugoelitsejprispbgutindexhtml.htm,8125895041,www.licbb.ru
"ШАНС, школа индивидуального обучения",../../sredneobrazovatelnaya-shkola/shans-shkola-individualnogo-obucheniya/index.html,a477,nevskij,"",52.2,"",8.2,Частная школа,../data/shkola-spb.ru/cache/sredneobrazovatelnayashkolashansshkolaindividualnogoobucheniyaindexhtml.htm,8125680335|8125601157,www.shkola-shance.ru
"№ 24, школа-интернат для детей-сирот",../../drugoe/24-shkola-internat-dlya-detej-sirot/index.html,a785,nevskij,"",48.0,"",0,Другое,../data/shkola-spb.ru/cache/drugoe24shkolainternatdlyadetejsirotindexhtml.htm,8184470161,2berega.spb.ru/org/115-701
"№ 592, школа",../../sredneobrazovatelnaya-shkola/592-shkola/index.html,a468,nevskij,"",45.4,"",3.9,"",../data/shkola-spb.ru/cache/sredneobrazovatelnayashkola592shkolaindexhtml.htm,8125848554,www.school592.ru
Православная общеобразовательная ГИМНАЗИЯ СВЯТОГО БЛАГОВЕРНОГО АЛЕКСАНДРА НЕВСКОГО,../../drugoe/pravoslavnaya-obscheobrazovatelnaya-gimnaziya-svyatogo-blagovernogo-aleksandra-nevskogo/index.html,a478,nevskij,"",45.4,"",0,Другое|Частная школа,../data/shkola-spb.ru/cache/drugoepravoslavnayaobscheobrazovatelnayagimnaziyasvyatogoblagovernogoaleksandranevskogoindexhtml.htm,8125867886|8129197860,alnevschool.ru
"Средняя общеобразовательная школа Института специальной педагогики и психологии им. Р. Валленберга ""Бобренок""",../../sredneobrazovatelnaya-shkola/43-srednyaya-obscheobrazovatelnaya-shkola-instituta-spetsialnoj-pedagogiki-i-psihologii-im-r-vallenberga/index.html,a497,petrogradskij,1,58.0,4.3,6.3,Частная школа,../data/shkola-spb.ru/cache/sredneobrazovatelnayashkola43srednyayaobscheobrazovatelnayashkolainstitutaspetsialnojpedagogikiipsihologiiimrvallenbergaindexhtml.htm,8122356405|8122351994,ps.wallenberg.ru
"ГЁТЕ-ШУЛЕ, немецкая школа",../../inostrannyie-yazyiki/gyote-shule-nemetskaya-shkola/index.html,a498,petrogradskij,2,56.8,3.8,8.5,Иностранные языки|Немецкий язык|Частная школа,../data/shkola-spb.ru/cache/inostrannyieyazyikigyoteshulenemetskayashkolaindexhtml.htm,8122328403,www.shkola-goethe.ru
"№ 224, школа ""Шамир""",../../drugoe/224-pervaya-evrejskaya-shkola/index.html,a499,petrogradskij,"",54.2,"",8.9,Другое|Частная школа,../data/shkola-spb.ru/cache/drugoe224pervayaevrejskayashkolaindexhtml.htm,8122338801|8122330334,school-shamir.ru
Нахимовское Военно-Морское училище,../../voennoe-uchilische/nahimovskoe-voenno-morskoe-uchilische/index.html,a737,petrogradskij,"",53.0,"",9.8,Кадетские классы,../data/shkola-spb.ru/cache/voennoeuchilischenahimovskoevoennomorskoeuchilischeindexhtml.htm,8122328694|8122334947,nvmu.info
ХРИСТИАНСКАЯ ШКОЛА им. И. В. Каргеля и Ф. В. Бедекера,../../drugoe/hristianskaya-shkola-im-i-v-kargelya-i-f-v-bedekera/index.html,a500,petrogradskij,"","","",9.2,Другое|Частная школа,../data/shkola-spb.ru/cache/drugoehristianskayashkolaimivkargelyaifvbedekeraindexhtml.htm,8122301712,kandbschool.ucoz.com
"Гранатик, начальная частная школа",../../nachalnaya-shkola/granatik-nachalnaya-chastnaya-shkola/index.html,a1121,petrogradskij,"","","",0,Начальная школа,../data/shkola-spb.ru/cache/nachalnayashkolagranatiknachalnayachastnayashkolaindexhtml.htm,8123092300,granatik-school.ru
Военно-космический Петра Великого кадетский корпус (ВКПВКК) [ЗАКРЫТА],../../voennoe-uchilische/voenno-kosmicheskij-petra-velikogo-kadetskij-korpus/index.html,a768,petrogradskij,"",51.1,"",9.0,Кадетские классы,../data/shkola-spb.ru/cache/voennoeuchilischevoennokosmicheskijpetravelikogokadetskijkorpusindexhtml.htm,8124508002,spbkk.edumil.ru
"Элитная гимназия ""Михайловская""",../../sredneobrazovatelnaya-shkola/elitnaya-gimnaziya-mihajlovskaya/index.html,a522,petrodvortsovyij,1,62.1,"",1.0,Частная школа,../data/shkola-spb.ru/cache/sredneobrazovatelnayashkolaelitnayagimnaziyamihajlovskayaindexhtml.htm,8124385448,www.elite-spb.ru
"№ 671, центр образования",../../drugoe/671-tsentr-obrazovaniya/index.html,a517,petrodvortsovyij,"",41.1,3.0,0,Другое,../data/shkola-spb.ru/cache/drugoe671tsentrobrazovaniyaindexhtml.htm,8124506800|8124507735,671.obrpeterhof.ru
Кадетский корпус железнодорожных войск (ККЖДВ) [ЗАКРЫТА],../../voennoe-uchilische/kadetskij-korpus-zheleznodorozhnyih-vojsk/index.html,a769,petrodvortsovyij,"",50.3,"",0,Кадетские классы,../data/shkola-spb.ru/cache/voennoeuchilischekadetskijkorpuszheleznodorozhnyihvojskindexhtml.htm,8124508002,spbkk.edumil.ru
"ГРАН, частная школа",../../sredneobrazovatelnaya-shkola/gran-chastnaya-shkola/index.html,a572,primorskij,1,61.9,3.8,7.0,Частная школа,../data/shkola-spb.ru/cache/sredneobrazovatelnayashkolagranchastnayashkolaindexhtml.htm,8123060419,schoolgran.spb.ru
ДОВЕРИЕ,../../nachalnaya-shkola/doverie/index.html,a578,primorskij,2,57.1,4.2,7.8,Начальная школа|Частная школа,../data/shkola-spb.ru/cache/nachalnayashkoladoverieindexhtml.htm,8123943428|8123417493|8123452613,www.school-doverie.ru
Международная гимназия Ольгино,../../sredneobrazovatelnaya-shkola/mezhdunarodnyij-litsej-sankt-peterburgskogo-gumanitarnogo-universiteta-profsoyuzov/index.html,a573,primorskij,2,54.3,3.6,7.0,Частная школа,../data/shkola-spb.ru/cache/sredneobrazovatelnayashkolamezhdunarodnyijlitsejsanktpeterburgskogogumanitarnogouniversitetaprofsoyuzovindexhtml.htm,8124982536|8123272737,www.luhta.gup.ru
"№ 688, школа для детей с ослабленным здоровьем и сохранным интеллектом",../../deti-s-osobennostyami-razvitiya/688-shkola-dlya-bolnyih-detej-i-detej-s-oslablennyim-zdorovem-s-sohrannyim-intellektom-po-meditsinskim-pokazaniyam/index.html,a570,primorskij,"",53.6,3.8,9.1,Дети с особенностями развития,../data/shkola-spb.ru/cache/detisosobennostyamirazvitiya688shkoladlyabolnyihdetejidetejsoslablennyimzdorovemssohrannyimintellektompomeditsinskimpokazaniyamindexhtml.htm,8123066010,www.school688.ru
НОУ ЛИЦЕЙ,../../nachalnaya-shkola/litsej/index.html,a579,primorskij,"",53.4,"",9.3,Частная школа,../data/shkola-spb.ru/cache/nachalnayashkolalitsejindexhtml.htm,8123428788,www.noul.spb.ru
"ЛИДЕР, школа",../../sredneobrazovatelnaya-shkola/lider-shkola/index.html,a577,primorskij,"",53.4,"",5.7,Частная школа,../data/shkola-spb.ru/cache/sredneobrazovatelnayashkolalidershkolaindexhtml.htm,8123424642,school-lider.spb.ru
"№ 697, центр образования",../../sredneobrazovatelnaya-shkola/697-tsentr-obrazovaniya/index.html,a761,primorskij,"",38.1,"",6.5,"",../data/shkola-spb.ru/cache/sredneobrazovatelnayashkola697tsentrobrazovaniyaindexhtml.htm,8123072080|8123076405,gouco-697.ucoz.ru
"ГРААЛЬ, частная школа",../../sredneobrazovatelnaya-shkola/graal-chastnaya-shkola/index.html,a574,primorskij,"","","",4.1,Частная школа,../data/shkola-spb.ru/cache/sredneobrazovatelnayashkolagraalchastnayashkolaindexhtml.htm,8123353778,grahl.narod.ru
Школа им. А. М. Горчакова,../../sredneobrazovatelnaya-shkola/shkola-im-a-m-gorchakova/index.html,a602,pushkinskij,8,70.6,"",9.6,Частная школа,../data/shkola-spb.ru/cache/sredneobrazovatelnayashkolashkolaimamgorchakovaindexhtml.htm,8124651818|8124651199,www.gorchakov.spb.ru
Первый пограничный кадетский корпус Федеральной службы безопасности РФ (ППКК ФСБ),../../voennoe-uchilische/pervyij-pogranichnyij-kadetskij-korpus-federalnoj-sluzhbyi-bezopasnosti-rf-ppkk-fsb/index.html,a810,pushkinskij,"",54.3,"",0,Кадетские классы,../data/shkola-spb.ru/cache/voennoeuchilischepervyijpogranichnyijkadetskijkorpusfederalnojsluzhbyibezopasnostirfppkkfsbindexhtml.htm,8124655570,ppkk.fsb.ru
ГУМАНИТАРИЙ,../../sredneobrazovatelnaya-shkola/gumanitarij/index.html,a601,pushkinskij,"","","",0,Частная школа,../data/shkola-spb.ru/cache/sredneobrazovatelnayashkolagumanitarijindexhtml.htm,8124662467,www.gumanitarij.ru/default.htm
"ЭПИГРАФ, частная школа",../../sredneobrazovatelnaya-shkola/epigraf-chastnaya-shkola/index.html,a654,frunzenskij,"",50.3,"",9.6,Частная школа,../data/shkola-spb.ru/cache/sredneobrazovatelnayashkolaepigrafchastnayashkolaindexhtml.htm,8126001750|9219509527,www.epigraph.spb.ru
"№ 604, школа с углубленным изучением предметов художественно-эстетического цикла [ЗАКРЫТА]",../../hudozhestvenno-esteticheskoe-obrazovanie/604-shkola-s-uglublennyim-izucheniem-predmetov-hudozhestvenno-esteticheskogo-tsikla/index.html,a648,frunzenskij,"",51.8,"",6.1,Художественно-эстетическое образование,../data/shkola-spb.ru/cache/hudozhestvennoesteticheskoeobrazovanie604shkolasuglublennyimizucheniempredmetovhudozhestvennoesteticheskogotsiklaindexhtml.htm,8127087939|8127087999,""
"№ 659, школа [ЗАКРЫТА]",../../sredneobrazovatelnaya-shkola/659-shkola/index.html,a650,frunzenskij,"",39.7,"",0,"",../data/shkola-spb.ru/cache/sredneobrazovatelnayashkola659shkolaindexhtml.htm,"",""
"№ 647, национальная финская прогимназия для детей дошкольного и младшего школьного возраста «ТАЙМИ» [ЗАКРЫТА]",../../drugie-yazyiki/647-natsionalnaya-finskaya-progimnaziya-dlya-detej-doshkolnogo-i-mladshego-shkolnogo-vozrasta-tajmi/index.html,a649,frunzenskij,"","","",4.8,Другие языки|Начальная школа,../data/shkola-spb.ru/cache/drugieyazyiki647natsionalnayafinskayaprogimnaziyadlyadetejdoshkolnogoimladshegoshkolnogovozrastatajmiindexhtml.htm,8123667348|8127717592,timy647.spb.ru
Санкт-Петербургский городской Дворец творчества юных (Аничков лицей),../../biologiya/anichkov-litsej/index.html,a730,tsentralnyij,67,67.8,4.6,9.7,Биология|Информатика|Математика|Физика|Химия,../data/shkola-spb.ru/cache/biologiyaanichkovlitsejindexhtml.htm,8123101313,anichkov.ru/departments/lyceum
"Альма Матер, гимназия",../../sredneobrazovatelnaya-shkola/alma-mater-gimnaziya/index.html,a711,tsentralnyij,9,61.1,"",7.3,Частная школа,../data/shkola-spb.ru/cache/sredneobrazovatelnayashkolaalmamatergimnaziyaindexhtml.htm,8122736037|8122732275|8125790917,alma-mater-spb.ru
Международная школа Герценовского университета (МШГУ),../../sredneobrazovatelnaya-shkola/mezhdunarodnaya-shkola-gertsenovskogo-universiteta/index.html,a705,tsentralnyij,1,59.9,"",5.7,Частная школа,../data/shkola-spb.ru/cache/sredneobrazovatelnayashkolamezhdunarodnayashkolagertsenovskogouniversitetaindexhtml.htm,8123157442|8122755610,www.interschool.ru/mshgu.html
Экономический лицей Международного банковского института (МБИ),../../drugoe/ekonomicheskij-litsej-mezhdunarodnogo-bankovskogo-instituta-mbi/index.html,a808,tsentralnyij,"",56.7,"",7.1,Другое|Частная школа,../data/shkola-spb.ru/cache/drugoeekonomicheskijlitsejmezhdunarodnogobankovskogoinstitutambiindexhtml.htm,8125705550|8125717375,ibispb.ru/applicant/economic_lyceum
Музыкальный лицей Комитета по культуре,../../hudozhestvenno-esteticheskoe-obrazovanie/muzyikalnyij-litsej-komiteta-po-kulture/index.html,a656,tsentralnyij,"",54.3,4.1,8.3,Художественно-эстетическое образование,../data/shkola-spb.ru/cache/hudozhestvennoesteticheskoeobrazovaniemuzyikalnyijlitsejkomitetapokultureindexhtml.htm,8122710785|8122712633,muzlyceum.spb.ru
Обучение в диалоге,../../sredneobrazovatelnaya-shkola/obuchenie-v-dialoge/index.html,a704,tsentralnyij,2,53.1,"",8.9,Частная школа,../data/shkola-spb.ru/cache/sredneobrazovatelnayashkolaobuchenievdialogeindexhtml.htm,8122720360|8122750257,shod.ru
"Мирт, частная школа",../../sredneobrazovatelnaya-shkola/mirt/index.html,a708,tsentralnyij,1,49.8,"",5.1,Частная школа,../data/shkola-spb.ru/cache/sredneobrazovatelnayashkolamirtindexhtml.htm,8122440950,www.mirtschool.ru
"ПЕТЕРБУРГСКИЙ СТАНДАРТ, частная школа",../../sredneobrazovatelnaya-shkola/peterburgskij-standart-chastnaya-shkola/index.html,a702,tsentralnyij,"","","",0,Частная школа,../data/shkola-spb.ru/cache/sredneobrazovatelnayashkolapeterburgskijstandartchastnayashkolaindexhtml.htm,8122729227,www.peterburgsky-standart.ru
"УНИСОН, школа",../../sredneobrazovatelnaya-shkola/unison-shkola/index.html,a706,tsentralnyij,1,"","",7.6,Частная школа,../data/shkola-spb.ru/cache/sredneobrazovatelnayashkolaunisonshkolaindexhtml.htm,8129066008|8129987823,www.unisonschool.ru
Гимназия СТЕРХ,../../sredneobrazovatelnaya-shkola/gimnaziya-sterh/index.html,a707,tsentralnyij,"","","",0,Частная школа,../data/shkola-spb.ru/cache/sredneobrazovatelnayashkolagimnaziyasterhindexhtml.htm,8123103827,sterh-school.ru
ШКОЛА ГЕРЦЕНОВСКОГО УНИВЕРСИТЕТА (ШГУ),../../sredneobrazovatelnaya-shkola/shkola-gertsenovskogo-universiteta/index.html,a710,tsentralnyij,"","","",0,Частная школа,../data/shkola-spb.ru/cache/sredneobrazovatelnayashkolashkolagertsenovskogouniversitetaindexhtml.htm,8122757684|8122755610,www.interschool.ru/shgu.html
"БАЛТИКА-КОЛЛЕДЖ, частная школа",../../sredneobrazovatelnaya-shkola/baltika-kolledzh-chastnaya-shkola/index.html,a712,tsentralnyij,"","","",7.6,Частная школа,../data/shkola-spb.ru/cache/sredneobrazovatelnayashkolabaltikakolledzhchastnayashkolaindexhtml.htm,8129994142|8125799109,www.baltica-college.ru
"INSIGHT SCHOOL, начальная школа",../../nachalnaya-shkola/insight-school-nachalnaya-shkola/index.html,a714,tsentralnyij,"","","",8.8,Начальная школа|Частная школа,../data/shkola-spb.ru/cache/nachalnayashkolainsightschoolnachalnayashkolaindexhtml.htm,8127171246|8127170218,infantschool.ru
